Name with owner,Primary language,Lifetime (years),Last update (days),Stars,Releases,Accepted pull requests,Ratio closed issues
freeCodeCamp/freeCodeCamp,JavaScript,5,0,314780,0,13141,0.99
996icu/996.ICU,Rust,1,8,251638,0,1020,0.00
vuejs/vue,JavaScript,7,1,172154,208,974,0.96
EbookFoundation/free-programming-books,N/A,6,0,159612,0,2578,0.92
facebook/react,JavaScript,7,0,155990,90,7029,0.95
tensorflow/tensorflow,C++,4,0,148463,112,10472,0.86
twbs/bootstrap,JavaScript,9,0,144143,61,6038,0.98
sindresorhus/awesome,N/A,6,0,141023,0,493,0.94
jwasham/coding-interview-university,N/A,4,0,135048,0,183,0.83
getify/You-Dont-Know-JS,N/A,6,10,127453,0,349,0.91
kamranahmedse/developer-roadmap,N/A,3,44,126299,3,57,0.93
ohmyzsh/ohmyzsh,Shell,11,0,116297,0,2308,0.94
CyC2018/CS-Notes,Java,2,14,111147,0,361,0.88
github/gitignore,N/A,9,0,107916,0,1414,0.00
donnemartin/system-design-primer,Python,3,3,106924,0,183,0.38
microsoft/vscode,TypeScript,5,0,103308,15,5670,0.95
flutter/flutter,Dart,5,0,101528,0,16373,0.82
airbnb/javascript,JavaScript,7,9,99715,0,740,0.93
torvalds/linux,C,9,0,97531,0,9,0.00
public-apis/public-apis,Python,4,0,96352,0,785,0.86
d3/d3,JavaScript,9,14,93718,158,435,1.00
jackfrued/Python-100-Days,Jupyter Notebook,2,9,92726,0,12,0.17
facebook/react-native,JavaScript,5,0,90136,147,614,0.96
Snailclimb/JavaGuide,Java,2,0,88164,0,323,0.94
vinta/awesome-python,Python,6,2,86698,0,504,1.00
electron/electron,C++,7,0,85821,618,10019,0.90
TheAlgorithms/Python,Python,4,0,85652,0,1150,0.99
danistefanovic/build-your-own-x,N/A,2,25,82352,0,82,0.79
facebook/create-react-app,JavaScript,4,0,81973,74,1802,0.91
trekhleb/javascript-algorithms,JavaScript,2,2,80973,0,156,0.64
jlevy/the-art-of-command-line,N/A,5,6,80355,0,303,0.48
axios/axios,JavaScript,6,0,77057,24,351,0.92
golang/go,Go,6,0,76596,0,0,0.85
nodejs/node,JavaScript,5,0,73023,179,2493,0.93
ytdl-org/youtube-dl,Python,9,0,70837,300,1427,0.85
kubernetes/kubernetes,Go,6,0,70097,419,44468,0.94
justjavac/free-programming-books-zh_CN,N/A,6,13,69878,3,268,0.00
animate-css/animate.css,CSS,8,0,67894,22,171,1.00
microsoft/terminal,C++,3,0,67877,34,1351,0.82
denoland/deno,TypeScript,2,0,67373,100,3377,0.80
tensorflow/models,Python,4,0,66137,13,2090,0.85
angular/angular,TypeScript,6,0,66038,0,2921,0.87
ossu/computer-science,N/A,6,0,65821,0,171,0.99
puppeteer/puppeteer,TypeScript,3,0,65162,51,1702,0.72
microsoft/TypeScript,TypeScript,6,0,64368,107,9881,0.84
FortAwesome/Font-Awesome,JavaScript,8,63,63915,38,179,0.67
mrdoob/three.js,JavaScript,10,0,63459,112,7586,0.96
ant-design/ant-design,TypeScript,5,0,63403,363,6303,0.97
labuladong/fucking-algorithm,N/A,0,0,62023,0,121,0.90
30-seconds/30-seconds-of-code,JavaScript,2,0,61818,4,669,1.00
laravel/laravel,PHP,9,1,61489,40,1251,0.00
mui-org/material-ui,JavaScript,6,0,61036,273,8709,0.96
iluwatar/java-design-patterns,Java,6,1,60590,0,624,0.64
PanJiaChen/vue-element-admin,Vue,3,9,59837,49,313,0.76
angular/angular.js,JavaScript,10,4,59511,0,783,0.96
MisterBooo/LeetCodeAnimation,Java,1,24,59269,0,61,0.87
moby/moby,Go,7,0,58075,85,16430,0.82
avelino/awesome-go,Go,6,0,57496,0,2181,0.97
vuejs/awesome-vue,N/A,4,0,56395,0,2950,0.64
webpack/webpack,JavaScript,8,0,55615,235,3117,0.96
nvbn/thefuck,Python,5,9,55500,15,416,0.65
reduxjs/redux,TypeScript,5,3,54309,61,1325,0.98
jquery/jquery,JavaScript,11,5,53979,1,488,0.97
apple/swift,C++,4,0,53491,27,29689,0.00
storybookjs/storybook,TypeScript,4,0,53486,592,4782,0.89
vercel/next.js,JavaScript,3,0,53314,820,5290,0.93
hakimel/reveal.js,JavaScript,9,7,53104,31,338,0.73
atom/atom,JavaScript,8,0,53017,520,3644,0.96
goldbergyoni/nodebestpractices,JavaScript,3,0,52463,0,464,0.93
pallets/flask,Python,10,0,52032,10,1077,0.99
django/django,Python,8,0,52004,0,5885,0.00
elastic/elasticsearch,Java,10,0,51166,32,30891,0.89
socketio/socket.io,JavaScript,10,0,50681,18,376,0.82
tonsky/FiraCode,Clojure,5,3,50579,26,94,0.76
spring-projects/spring-boot,Java,7,0,50544,69,41,0.97
shadowsocks/shadowsocks-windows,C#,7,0,50450,47,224,0.98
chartjs/Chart.js,JavaScript,7,1,50305,46,1731,0.93
expressjs/express,JavaScript,11,0,50136,141,211,0.97
keras-team/keras,Python,5,1,49757,23,2403,0.70
typicode/json-server,JavaScript,6,0,49544,7,92,0.45
chrislgarry/Apollo-11,Assembly,6,1,49013,0,246,0.76
awesome-selfhosted/awesome-selfhosted,JavaScript,5,2,48481,0,1358,0.86
Semantic-Org/Semantic-UI,JavaScript,7,43,48463,153,351,0.85
netdata/netdata,C,7,0,48413,37,3696,0.89
opencv/opencv,C++,8,0,48331,46,8952,0.74
rust-lang/rust,Rust,10,0,48276,80,30423,0.84
adam-p/markdown-here,JavaScript,8,63,48234,11,20,0.54
httpie/httpie,Python,8,25,48084,34,128,0.83
kdn251/interviews,Java,3,31,47689,0,42,0.39
xingshaocheng/architect-awesome,N/A,2,23,47447,0,49,0.30
doocs/advanced-java,Java,1,0,47345,0,56,0.88
ElemeFE/element,Vue,4,0,47277,128,3063,0.90
gatsbyjs/gatsby,JavaScript,5,0,46913,74,12837,0.95
gothinkster/realworld,JavaScript,4,3,46843,0,133,0.42
h5bp/html5-boilerplate,JavaScript,10,0,46771,32,392,1.00
gohugoio/hugo,Go,7,0,46667,136,1187,0.90
josephmisiti/awesome-machine-learning,Python,6,0,46545,0,608,0.98
lodash/lodash,JavaScript,8,4,46518,2,569,0.97
rails/rails,Ruby,12,0,46489,26,17221,0.97
resume/resume.github.com,JavaScript,9,2,46167,0,84,0.65
h5bp/Front-end-Developer-Interview-Questions,HTML,8,8,46052,0,334,0.96
redis/redis,C,11,0,45214,3,1281,0.61
bitcoin/bitcoin,C++,9,0,45139,33,9250,0.90
yangshun/tech-interview-handbook,JavaScript,4,7,44899,0,118,0.65
moment/moment,JavaScript,9,0,44897,0,694,0.98
ansible/ansible,Python,8,0,44770,3,32078,0.95
nvm-sh/nvm,Shell,10,0,44083,53,567,0.83
protocolbuffers/protobuf,C++,6,0,43754,56,2735,0.76
psf/requests,Python,9,6,43520,0,1346,0.93
kelseyhightower/nocode,Dockerfile,2,6,43462,1,1,0.12
ReactiveX/RxJava,Java,7,5,43446,200,2897,1.00
papers-we-love/papers-we-love,Shell,6,1,42997,0,382,0.92
apache/incubator-echarts,JavaScript,7,0,42890,75,547,0.87
thedaviddias/Front-End-Checklist,N/A,2,1,42818,1,155,0.98
mtdvio/every-programmer-should-know,N/A,3,2,42613,0,83,0.55
scikit-learn/scikit-learn,Python,10,0,42304,20,6747,0.80
meteor/meteor,JavaScript,8,0,41947,0,1240,0.99
pytorch/pytorch,C++,4,0,41857,28,4203,0.69
ionic-team/ionic-framework,TypeScript,7,0,41753,210,2493,0.96
gin-gonic/gin,Go,6,0,41709,13,645,0.83
ReactTraining/react-router,JavaScript,6,19,41656,153,1179,0.99
jekyll/jekyll,Ruby,11,0,41253,98,2817,0.98
jgthms/bulma,CSS,4,0,41141,13,526,0.89
macrozheng/mall,Java,2,0,41040,1,0,0.96
google/material-design-icons,N/A,5,6,40997,16,28,0.36
awesomedata/awesome-public-datasets,N/A,5,13,40960,0,187,0.50
scutan90/DeepLearning-500-questions,JavaScript,2,1,40735,0,297,0.49
necolas/normalize.css,CSS,9,0,40579,0,56,0.95
Hack-with-Github/Awesome-Hacking,N/A,4,25,40565,0,21,0.00
NARKOZ/hacker-scripts,JavaScript,4,10,39419,0,62,0.46
spring-projects/spring-framework,Java,9,0,39287,188,586,0.96
ryanmcdermott/clean-code-javascript,JavaScript,3,11,39179,0,141,0.64
jaywcjlove/awesome-mac,JavaScript,4,12,39142,0,484,0.79
enaqx/awesome-react,N/A,6,1,39083,0,705,0.90
fatedier/frp,Go,4,2,39074,54,259,0.95
yarnpkg/yarn,JavaScript,4,0,38992,140,1651,0.63
aymericdamien/TensorFlow-Examples,Jupyter Notebook,4,10,38813,0,84,0.30
wasabeef/awesome-android-ui,N/A,5,5,38782,0,60,0.00
google/guava,Java,6,0,38778,29,250,0.79
ripienaar/free-for-dev,HTML,5,0,38590,0,1222,0.00
neovim/neovim,Vim script,6,0,38536,21,4442,0.83
scrapy/scrapy,Python,10,0,38284,17,1575,0.80
square/okhttp,Java,8,1,38242,0,2449,0.98
sindresorhus/awesome-nodejs,N/A,6,3,38068,0,359,1.00
Dogfalo/materialize,JavaScript,6,3,38005,41,449,0.88
minimaxir/big-list-of-naughty-strings,Python,5,45,37961,0,89,0.36
prettier/prettier,JavaScript,3,0,37691,70,3900,0.86
babel/babel,JavaScript,5,0,37430,217,3602,0.91
serverless/serverless,JavaScript,5,0,37396,189,2947,0.83
Genymobile/scrcpy,C,2,0,37382,20,23,0.71
android/architecture-samples,Kotlin,4,1,37335,0,172,0.70
tuvtran/project-based-learning,N/A,3,9,37278,0,125,0.52
nwjs/nw.js,JavaScript,8,2,37218,0,561,0.89
grafana/grafana,TypeScript,6,0,37200,190,8299,0.84
microsoft/PowerToys,C++,1,0,37119,21,1470,0.72
sveltejs/svelte,JavaScript,3,0,37034,0,1802,0.85
juliangarnier/anime,JavaScript,4,55,36776,13,66,0.79
FreeCodeCampChina/freecodecamp.cn,CSS,3,13,36760,0,55,0.76
parcel-bundler/parcel,JavaScript,3,0,36698,1,1300,0.83
square/retrofit,Java,10,2,36561,27,714,0.96
azl397985856/leetcode,JavaScript,2,1,36461,23,188,0.91
tesseract-ocr/tesseract,C++,6,7,36373,8,1034,0.84
ageitgey/face_recognition,Python,3,0,36269,2,75,0.50
ColorlibHQ/AdminLTE,JavaScript,6,1,36153,68,429,0.97
ziishaned/learn-regex,N/A,3,19,36129,0,104,0.46
MaximAbramchuck/awesome-interview-questions,N/A,4,14,36104,0,138,0.63
impress/impress.js,JavaScript,8,3,35880,14,93,0.90
vsouza/awesome-ios,Swift,6,0,35663,0,2126,1.00
astaxie/build-web-application-with-golang,Go,8,39,35632,0,730,0.61
x64dbg/x64dbg,C++,5,0,35560,3,462,0.79
home-assistant/core,Python,7,0,35482,644,19595,0.94
gogs/gogs,Go,6,1,35402,58,1125,0.85
nodejs/node-v0.x-archive,N/A,11,897,35055,0,218,0.92
cdr/code-server,TypeScript,1,1,35029,47,250,0.90
v2ray/v2ray-core,Go,5,0,34987,245,197,0.95
soimort/you-get,Python,8,2,34966,105,515,0.00
prakhar1989/awesome-courses,N/A,5,119,34928,0,183,0.58
TryGhost/Ghost,JavaScript,7,0,34880,353,4930,0.99
bailicangdu/vue2-elm,Vue,3,16,34429,0,20,0.84
Alamofire/Alamofire,Swift,6,14,34359,81,465,0.99
vercel/hyper,TypeScript,4,0,34122,64,1408,0.77
git/git,C,12,0,34119,0,2,0.00
k88hudson/git-flight-rules,N/A,6,5,33878,0,200,0.79
sdmg15/Best-websites-a-programmer-should-visit,N/A,3,7,33789,0,240,0.98
huggingface/transformers,Python,1,0,33785,34,2177,0.88
trimstray/the-book-of-secret-knowledge,N/A,2,9,33735,0,91,0.92
apache/dubbo,Java,8,0,33552,27,1698,0.84
521xueweihan/HelloGitHub,Python,4,20,33545,9,12,0.99
python/cpython,Python,3,0,33527,0,17772,0.00
JetBrains/kotlin,Kotlin,8,0,33380,147,1529,0.00
godotengine/godot,C++,6,0,33281,28,13245,0.80
Unitech/pm2,JavaScript,7,9,33197,107,497,0.94
leonardomso/33-js-concepts,JavaScript,2,4,33150,0,95,0.92
syncthing/syncthing,Go,6,0,32995,224,1611,0.94
AFNetworking/AFNetworking,Objective-C,9,6,32946,40,703,0.99
prometheus/prometheus,Go,7,0,32919,157,3327,0.93
justjavac/awesome-wechat-weapp,N/A,3,0,32804,0,233,0.00
etcd-io/etcd,Go,7,0,32798,191,6013,0.96
shadowsocks/shadowsocks,Python,8,316,32779,2,70,0.00
facebook/jest,TypeScript,6,0,32460,112,3742,0.81
deepfakes/faceswap,Python,2,10,32386,3,309,0.97
mozilla/pdf.js,JavaScript,9,0,32150,34,4482,0.91
mermaid-js/mermaid,JavaScript,5,0,32030,54,465,0.78
adobe/brackets,JavaScript,8,44,31912,69,4332,0.73
gulpjs/gulp,JavaScript,7,24,31905,22,386,0.99
junegunn/fzf,Go,6,0,31804,0,243,0.89
PhilJay/MPAndroidChart,Java,6,1,31707,44,189,0.62
google/material-design-lite,HTML,5,21,31670,14,655,0.84
karan/Projects,N/A,7,25,31593,0,19,0.52
algorithm-visualizer/algorithm-visualizer,JavaScript,4,13,31593,0,178,0.84
discourse/discourse,Ruby,7,0,31515,0,8550,0.00
hexojs/hexo,JavaScript,7,0,31286,99,692,0.98
slatedocs/slate,CSS,7,0,31142,19,213,0.96
styled-components/styled-components,JavaScript,4,2,30896,106,770,0.93
Solido/awesome-flutter,Dart,3,1,30883,0,345,0.00
BVLC/caffe,C++,7,44,30850,14,1087,0.82
blueimp/jQuery-File-Upload,PHP,9,26,30820,0,115,0.99
alvarotrigo/fullPage.js,JavaScript,6,10,30792,67,261,0.96
sahat/hackathon-starter,JavaScript,6,6,30766,13,292,0.97
traefik/traefik,Go,5,0,30759,307,2777,0.87
tiimgreen/github-cheat-sheet,N/A,6,33,30716,0,125,0.93
pixijs/pixi.js,TypeScript,7,0,30608,113,1909,0.98
florinpop17/app-ideas,N/A,1,4,30552,0,149,0.77
XX-net/XX-Net,Python,5,15,30318,307,359,0.40
shadowsocks/shadowsocks-android,Kotlin,7,2,30244,167,228,0.99
nuxt/nuxt.js,JavaScript,3,0,30236,134,1981,0.94
nestjs/nest,TypeScript,3,0,30225,53,2047,0.97
immutable-js/immutable-js,JavaScript,6,7,30207,57,379,0.87
Trinea/android-open-project,N/A,6,30,30175,0,201,0.85
Avik-Jain/100-Days-Of-ML-Code,N/A,2,64,30130,0,6,0.00
apache/incubator-superset,Python,5,0,30094,14,4760,0.94
caddyserver/caddy,Go,5,0,30046,74,1047,0.97
TheAlgorithms/Java,Java,4,0,30001,0,463,0.77
DefinitelyTyped/DefinitelyTyped,TypeScript,7,0,29929,1,34045,0.50
koajs/koa,JavaScript,7,6,29900,0,391,0.98
chinese-poetry/chinese-poetry,JavaScript,4,3,29893,1,81,0.59
bumptech/glide,Java,7,1,29882,35,347,0.96
fastlane/fastlane,Ruby,5,0,29773,459,5161,0.99
airbnb/lottie-android,Java,3,1,29687,26,380,0.97
exacity/deeplearningbook-chinese,TeX,3,289,29610,7,16,0.73
videojs/video.js,JavaScript,10,5,29467,219,1300,0.95
huginn/huginn,Ruby,7,1,29443,0,892,0.77
JuliaLang/julia,Julia,9,0,29326,92,15129,0.83
iamkun/dayjs,JavaScript,2,0,29222,87,447,0.84
zenorocha/clipboard.js,JavaScript,5,6,29217,37,67,0.97
kamranahmedse/design-patterns-for-humans,N/A,3,28,29176,0,47,0.86
strapi/strapi,JavaScript,4,0,29031,147,2536,0.94
Leaflet/Leaflet,JavaScript,9,0,28973,22,2086,0.91
0voice/interview_internal_reference,Python,1,65,28885,0,35,0.47
foundation/foundation-sites,HTML,8,12,28769,71,2913,0.97
testerSunshine/12306,Python,3,9,28688,1,31,0.71
isocpp/CppCoreGuidelines,Python,5,8,28505,4,656,0.83
shadowsocks/ShadowsocksX-NG,Swift,4,65,28437,26,58,0.81
tldr-pages/tldr,Shell,6,0,28412,0,3253,0.87
floodsung/Deep-Learning-Papers-Reading-Roadmap,Python,3,56,28335,0,22,0.07
RocketChat/Rocket.Chat,JavaScript,5,0,28280,400,5918,0.84
php/php-src,C,9,0,28219,0,636,0.00
photonstorm/phaser,JavaScript,7,0,28149,100,1309,0.96
jondot/awesome-react-native,JavaScript,5,6,28075,0,864,0.61
Blankj/AndroidUtilCode,Java,4,7,27906,115,68,0.97
ariya/phantomjs,C++,9,65,27869,0,562,1.00
lukehoban/es6features,N/A,6,432,27838,0,41,0.65
Homebrew/legacy-homebrew,N/A,11,60,27678,0,222,1.00
jashkenas/backbone,JavaScript,9,120,27666,0,851,0.98
quilljs/quill,JavaScript,8,12,27637,82,200,0.67
dypsilon/frontend-dev-bookmarks,N/A,7,30,27623,1,129,0.83
vuetifyjs/vuetify,TypeScript,4,0,27584,358,2328,0.86
grpc/grpc,C++,5,0,27559,154,12127,0.95
tailwindlabs/tailwindcss,CSS,2,1,27520,100,714,1.00
apache/spark,Scala,6,0,27489,0,4,0.00
fffaraz/awesome-cpp,N/A,6,1,27344,0,407,0.32
joshbuchea/HEAD,N/A,4,15,27323,0,83,0.87
binhnguyennus/awesome-scalability,N/A,2,4,27311,0,22,0.00
bilibili/ijkplayer,C,7,2,27308,0,29,0.50
open-guides/og-aws,Shell,4,20,27290,0,474,0.39
alex/what-happens-when,N/A,6,22,27179,0,105,0.19
certbot/certbot,Python,5,0,27167,10,3005,0.90
preactjs/preact,JavaScript,5,1,27141,135,939,0.91
xitu/gold-miner,N/A,4,0,27121,0,2589,0.99
codepath/android_guides,N/A,7,32,26970,0,9,0.58
NervJS/taro,JavaScript,2,0,26924,42,1102,0.89
Kong/kong,Lua,5,0,26891,90,2175,0.89
apachecn/AiLearning,Python,3,3,26883,2,461,0.62
tastejs/todomvc,JavaScript,9,10,26855,5,714,0.84
danielmiessler/SecLists,PHP,8,0,26804,10,295,0.91
ethereum/go-ethereum,Go,6,0,26744,134,4046,0.97
caolan/async,JavaScript,10,29,26724,7,410,1.00
bayandin/awesome-awesomeness,Ruby,6,11,26580,0,173,0.88
pandas-dev/pandas,Python,10,0,26563,64,12929,0.82
ant-design/ant-design-pro,TypeScript,3,5,26505,19,796,0.99
localstack/localstack,Python,3,0,26418,18,1036,0.87
vuejs/vue-cli,JavaScript,4,0,26335,135,1012,0.89
react-boilerplate/react-boilerplate,JavaScript,5,12,26301,16,715,0.98
wg/wrk,C,8,115,26214,0,0,0.70
zxing/zxing,Java,8,3,26197,26,157,0.99
akullpp/awesome-java,N/A,6,7,26105,0,548,0.96
getsentry/sentry,Python,10,0,26084,60,14964,0.76
kenwheeler/slick,JavaScript,6,8,26058,48,235,0.69
faif/python-patterns,Python,8,30,25853,0,234,0.85
yangshun/front-end-interview-handbook,JavaScript,2,5,25830,0,163,0.78
ngosang/trackerslist,N/A,4,0,25771,0,1,0.99
FiloSottile/mkcert,Go,2,4,25738,11,42,0.74
shengxinjing/programmer-job-blacklist,Shell,4,76,25662,0,16,0.58
Alvin9999/new-pac,N/A,4,58,25588,0,0,0.77
proxyee-down-org/proxyee-down,Java,2,37,25560,49,16,0.00
dcloudio/uni-app,JavaScript,2,0,25529,0,133,0.71
jashkenas/underscore,JavaScript,10,18,25528,0,711,0.98
jakevdp/PythonDataScienceHandbook,Jupyter Notebook,4,10,25495,0,28,0.39
aosabook/500lines,JavaScript,6,12,25473,0,175,0.59
JakeWharton/butterknife,Java,7,13,25449,0,346,0.92
3b1b/manim,Python,5,17,25404,0,348,0.65
google/styleguide,HTML,5,1,25400,0,118,0.36
carbon-app/carbon,JavaScript,3,0,25288,186,507,0.96
dylanaraps/pure-bash-bible,Shell,2,210,25259,0,26,0.54
square/leakcanary,Kotlin,5,0,25259,24,636,0.96
alacritty/alacritty,Rust,4,1,25245,40,1067,0.87
crossoverJie/JCSprout,Java,2,122,25239,0,69,0.66
Marak/faker.js,JavaScript,10,0,25098,0,250,0.65
pingcap/tidb,Go,5,0,25094,109,12437,0.71
pi-hole/pi-hole,Shell,6,0,25014,61,1130,0.92
kon9chunkit/GitHub-Chinese-Top-Charts,Java,1,7,24985,0,0,0.36
Tencent/weui,CSS,5,92,24983,19,165,0.96
google-research/bert,Python,1,12,24886,0,32,0.32
astaxie/beego,Go,8,0,24879,6,868,0.75
iina/iina,Swift,3,8,24838,33,370,0.64
request/request,JavaScript,9,14,24806,0,650,0.94
nolimits4web/swiper,JavaScript,8,9,24792,0,252,0.95
madewithml/basics,Jupyter Notebook,1,76,24781,0,138,1.00
vuejs/vuex,JavaScript,5,13,24744,43,583,0.96
dkhamsing/open-source-ios-apps,Swift,5,1,24739,34,575,1.00
netty/netty,Java,9,0,24735,0,1557,0.92
fzaninotto/Faker,PHP,8,3,24685,11,795,0.87
jiahaog/nativefier,TypeScript,5,18,24675,42,143,0.79
select2/select2,JavaScript,8,0,24640,28,664,0.99
formium/formik,TypeScript,3,0,24601,133,641,0.65
nylas/nylas-mail,JavaScript,5,333,24546,53,139,0.71
Modernizr/Modernizr,JavaScript,10,5,24531,18,760,0.89
lerna/lerna,JavaScript,4,7,24517,168,579,0.75
fighting41love/funNLP,Python,2,19,24501,0,9,0.81
houshanren/hangzhou_house_knowledge,CSS,2,279,24364,0,4,0.00
istio/istio,Go,3,0,24329,159,11915,0.91
standard/standard,JavaScript,5,10,24312,4,293,0.88
nvie/gitflow,Shell,10,308,24299,0,36,0.35
ZuzooVn/machine-learning-for-software-engineers,N/A,3,96,24245,0,53,0.19
johnpapa/angular-styleguide,N/A,6,371,24169,0,331,0.85
ziadoz/awesome-php,N/A,6,6,24155,0,363,0.97
fxsjy/jieba,Python,7,55,24121,9,96,0.27
CSSEGISandData/COVID-19,N/A,0,0,24078,0,137,0.48
rethinkdb/rethinkdb,C++,7,4,24022,69,378,0.78
mathiasbynens/dotfiles,Shell,9,2,23998,0,44,0.65
github/fetch,JavaScript,5,6,23988,34,136,1.00
herrbischoff/awesome-macos-command-line,N/A,4,16,23898,0,100,0.00
symfony/symfony,PHP,10,0,23890,252,14991,0.95
minio/minio,Go,5,0,23877,192,5322,0.99
freeCodeCamp/devdocs,Ruby,6,3,23856,0,129,0.85
composer/composer,PHP,9,0,23796,86,2068,0.94
angular/angular-cli,TypeScript,5,0,23770,315,4839,0.96
hashicorp/terraform,Go,6,0,23766,129,8451,0.92
brillout/awesome-react-components,N/A,4,8,23745,0,162,1.00
ryanoasis/nerd-fonts,CSS,5,1,23658,20,112,0.60
facebookresearch/Detectron,Python,2,27,23654,0,0,0.68
ityouknow/spring-boot-examples,Java,3,0,23613,0,5,0.98
raywenderlich/swift-algorithm-club,Swift,4,5,23572,0,605,0.93
date-fns/date-fns,JavaScript,5,0,23556,82,660,0.81
hoppscotch/hoppscotch,Vue,1,0,23555,8,595,0.94
ocornut/imgui,C++,6,0,23549,67,247,0.85
iview/iview,Vue,4,8,23514,85,526,0.81
serhii-londar/open-source-mac-os-apps,Swift,2,6,23427,0,375,0.86
skylot/jadx,Java,7,0,23389,13,216,0.82
rclone/rclone,Go,6,0,23369,70,759,0.81
danielgindi/Charts,Swift,5,7,23305,31,370,0.85
markedjs/marked,JavaScript,9,6,23282,23,369,0.92
IanLunn/Hover,CSS,6,63,23266,10,22,0.82
alibaba/p3c,Kotlin,3,20,23194,0,54,0.90
postcss/postcss,TypeScript,6,0,23156,160,583,0.99
cypress-io/cypress,JavaScript,5,0,23125,215,1743,0.80
transloadit/uppy,JavaScript,4,0,23064,24,1166,0.90
Homebrew/brew,Ruby,4,0,23014,159,5174,1.00
alibaba/arthas,Java,2,1,23015,25,289,0.89
SDWebImage/SDWebImage,Objective-C,10,6,23011,90,742,0.99
elsewhencode/project-guidelines,JavaScript,3,1,22991,0,103,0.67
unknwon/the-way-to-go_ZH_CN,Go,7,11,22982,0,531,0.00
MunGell/awesome-for-beginners,N/A,4,0,22963,0,271,1.00
CodeHubApp/CodeHub,C#,7,96,22947,4,13,0.64
kelseyhightower/kubernetes-the-hard-way,N/A,4,2,22945,0,68,0.89
ReactiveX/rxjs,TypeScript,5,0,22912,0,1868,0.88
GitbookIO/gitbook,JavaScript,6,71,22888,0,214,0.00
agalwood/Motrix,JavaScript,1,18,22855,10,100,0.61
eugenp/tutorials,Java,7,0,22845,0,6840,0.95
greenrobot/EventBus,Java,8,197,22845,5,29,0.82
sequelize/sequelize,JavaScript,10,1,22828,347,2664,0.90
lib-pku/libpku,TeX,1,81,22822,0,22,0.91
SheetJS/sheetjs,JavaScript,7,2,22739,0,74,0.80
lydiahallie/javascript-questions,N/A,1,0,22730,0,196,0.87
sharkdp/bat,Rust,2,3,22687,26,461,0.90
amix/vimrc,Vim script,8,29,22661,0,72,0.98
webtorrent/webtorrent,JavaScript,6,6,22592,0,400,0.88
cheeriojs/cheerio,JavaScript,8,2,22575,2,322,0.79
geekcompany/ResumeSample,N/A,6,299,22528,0,2,0.00
VincentGarreau/particles.js,JavaScript,6,14,22517,6,21,0.23
mobxjs/mobx,JavaScript,5,0,22437,2,749,0.99
sentsin/layui,JavaScript,4,19,22408,39,31,0.15
alibaba/fastjson,Java,8,0,22381,79,353,0.51
gitlabhq/gitlabhq,Ruby,8,0,22338,0,2227,0.00
ctripcorp/apollo,Java,4,1,22282,27,923,0.92
metabase/metabase,Clojure,5,0,22209,122,4837,0.77
alibaba/druid,Java,8,0,22195,36,884,0.38
NationalSecurityAgency/ghidra,Java,1,0,22186,0,161,0.56
wagoodman/dive,Go,2,3,22186,23,106,0.69
openai/gym,Python,4,4,22166,5,551,0.88
harvesthq/chosen,HTML,9,244,22157,34,309,0.90
PowerShell/PowerShell,C#,4,0,22123,80,4386,0.68
laravel/framework,PHP,7,0,22083,299,10122,1.00
ajaxorg/ace,JavaScript,9,3,22055,0,1354,0.73
naptha/tesseract.js,JavaScript,5,2,22050,31,74,0.89
alibaba/flutter-go,Dart,1,23,22006,4,158,0.48
formulahendry/955.WLB,N/A,1,37,21997,0,15,0.31
airbnb/lottie-web,JavaScript,5,10,21985,0,78,0.75
terryum/awesome-deep-learning-papers,TeX,4,21,21961,0,39,0.44
tabler/tabler,HTML,2,2,21930,7,151,0.78
tootsuite/mastodon,Ruby,4,0,21829,144,7758,0.71
ycm-core/YouCompleteMe,Python,8,1,21822,0,650,0.99
obsproject/obs-studio,C,6,0,21774,119,1595,0.74
CamDavidsonPilon/Probabilistic-Programming-and-Bayesian-Methods-for-Hackers,Jupyter Notebook,7,0,21767,0,235,0.40
drone/drone,Go,6,1,21737,0,836,0.98
google/leveldb,C++,6,27,21706,20,29,0.81
0xAX/linux-insides,Python,5,5,21706,0,502,0.77
gorhill/uBlock,JavaScript,5,1,21700,169,122,0.98
hammerjs/hammer.js,JavaScript,8,257,21700,0,114,0.74
VundleVim/Vundle.vim,Vim script,9,65,21661,0,86,0.77
facebookresearch/fastText,HTML,4,0,21646,4,7,0.65
rstacruz/nprogress,JavaScript,7,19,21616,7,34,0.35
StreisandEffect/streisand,Shell,6,11,21601,0,527,0.83
BurntSushi/ripgrep,Rust,4,4,21598,65,374,0.95
realpython/python-guide,Batchfile,9,1,21594,0,659,0.67
microsoft/monaco-editor,JavaScript,4,0,21577,0,81,0.78
niklasvh/html2canvas,TypeScript,9,3,21576,28,117,0.67
emberjs/ember.js,JavaScript,9,0,21547,346,7251,0.96
rapid7/metasploit-framework,Ruby,9,0,21545,0,8028,0.81
satwikkansal/wtfpython,Python,3,0,21534,2,74,0.78
balderdashy/sails,JavaScript,8,9,21533,39,505,0.94
scwang90/SmartRefreshLayout,Java,3,43,21483,8,6,0.92
cmderdev/cmder,C++,7,4,21476,27,315,0.99
Automattic/mongoose,JavaScript,10,0,21475,5,1172,0.96
Polymer/polymer,HTML,8,31,21452,115,1061,0.94
koalaman/shellcheck,Haskell,7,8,21340,25,222,0.66
vim/vim,Vim script,5,0,21337,0,3,0.77
akveo/ngx-admin,TypeScript,4,0,21316,16,297,0.80
remy/nodemon,JavaScript,9,0,21233,70,260,0.99
go-gitea/gitea,Go,3,0,21228,97,5864,0.79
FFmpeg/FFmpeg,C,9,0,21190,11,15,0.00
codemirror/CodeMirror,JavaScript,9,0,21107,134,419,0.90
heartcombo/devise,Ruby,11,15,21099,14,730,0.98
pure-css/pure,JavaScript,7,23,21069,19,137,0.99
fouber/blog,N/A,6,310,21067,0,1,0.15
ageron/handson-ml,Jupyter Notebook,4,27,21044,0,46,0.78
tiangolo/fastapi,Python,1,0,21006,96,449,0.78
sorrycc/awesome-javascript,N/A,6,0,20994,0,302,0.75
t4t5/sweetalert,TypeScript,5,117,20971,13,82,0.81
pypa/pipenv,Python,3,6,20964,12,979,0.87
SortableJS/Sortable,JavaScript,6,0,20957,21,225,0.81
JedWatson/react-select,JavaScript,6,2,20929,12,821,0.90
aria2/aria2,C++,9,9,20922,22,194,0.47
facebook/flow,OCaml,5,0,20919,183,158,0.62
typeorm/typeorm,TypeScript,4,0,20892,0,1041,0.61
ggreer/the_silver_searcher,C,8,17,20875,0,398,0.52
redux-saga/redux-saga,JavaScript,4,7,20855,50,624,0.87
littlecodersh/ItChat,Python,4,182,20814,13,29,0.73
donnemartin/interactive-coding-challenges,Python,5,43,20800,0,176,0.54
kahun/awesome-sysadmin,N/A,6,11,20795,0,183,0.22
go-gorm/gorm,Go,6,0,20740,1,353,1.00
CymChad/BaseRecyclerViewAdapterHelper,Java,4,17,20739,191,190,0.92
GoogleChrome/lighthouse,JavaScript,4,0,20729,59,3296,0.94
hankcs/HanLP,Python,5,14,20728,50,62,0.99
atlassian/react-beautiful-dnd,JavaScript,3,7,20727,66,470,0.76
pyenv/pyenv,Shell,8,0,20711,28,419,0.82
docker/compose,Python,6,0,20680,138,1924,0.92
Tencent/wepy,JavaScript,3,12,20658,8,424,0.85
syl20bnr/spacemacs,Emacs Lisp,7,0,20613,158,728,0.91
hashicorp/vagrant,Ruby,10,0,20613,0,2278,0.96
junegunn/vim-plug,Vim script,7,9,20510,4,151,0.95
ovity/octotree,N/A,6,3,20502,0,249,0.94
Advanced-Frontend/Daily-Interview-Question,JavaScript,1,113,20485,0,14,0.59
goabstract/Awesome-Design-Tools,JavaScript,1,4,20451,0,282,1.00
airbnb/lottie-ios,Swift,3,3,20367,39,308,0.81
dimsemenov/PhotoSwipe,JavaScript,9,8,20366,11,49,0.67
kriasoft/react-starter-kit,JavaScript,6,6,20348,5,482,0.62
sindresorhus/awesome-electron,N/A,5,3,20340,0,236,0.80
typicode/husky,JavaScript,6,0,20310,34,140,0.72
nlohmann/json,C++,7,14,20303,34,397,0.99
jgm/pandoc,Haskell,10,0,20302,81,1040,0.88
angular/components,TypeScript,4,0,20296,153,7556,0.85
Netflix/Hystrix,Java,7,75,20290,79,672,0.67
github/hub,Go,10,24,20249,60,393,0.89
mbeaudru/modern-js-cheatsheet,N/A,3,133,20204,0,80,0.86
microsoft/calculator,C++,1,0,20194,0,566,0.77
FezVrasta/bootstrap-material-design,CSS,6,13,20192,28,193,0.95
powerline/fonts,Shell,7,31,20181,1,72,0.37
hashicorp/consul,Go,6,0,20170,17,4007,0.84
google/iosched,Kotlin,6,2,20122,2,57,0.83
alebcay/awesome-shell,N/A,6,1,20032,0,280,0.45
bevacqua/dragula,JavaScript,5,82,20027,0,57,0.61
reduxjs/react-redux,JavaScript,5,11,20011,91,356,0.98
Meituan-Dianping/mpvue,JavaScript,2,8,19996,19,64,0.75
mqyqingfeng/Blog,N/A,3,58,19975,0,3,0.45
SwiftyJSON/SwiftyJSON,Swift,6,31,19961,21,213,0.86
bvaughn/react-virtualized,JavaScript,4,9,19953,3,438,0.69
jobbole/awesome-python-cn,Makefile,4,50,19930,0,45,0.80
MrRio/jsPDF,JavaScript,10,0,19919,26,615,0.94
mitmproxy/mitmproxy,Python,10,6,19898,34,1519,0.88
iptv-org/iptv,JavaScript,1,0,19889,0,1231,0.76
guzzle/guzzle,PHP,9,21,19880,39,779,0.86
ReactiveCocoa/ReactiveCocoa,Swift,8,3,19863,78,1338,0.98
facebookarchive/pop,Objective-C++,6,258,19852,3,100,0.83
mochajs/mocha,JavaScript,9,1,19801,55,1021,0.90
bradtraversy/design-resources-for-developers,N/A,0,0,19796,0,403,1.00
dmlc/xgboost,C++,6,0,19789,26,2050,0.94
iperov/DeepFaceLab,Python,2,2,19783,2,31,0.80
googlehosts/hosts,N/A,3,22,19770,0,50,0.87
dokku/dokku,Shell,7,0,19735,166,1805,0.98
matteocrippa/awesome-swift,Swift,6,4,19717,0,1305,1.00
Reactive-Extensions/RxJS,JavaScript,8,882,19713,34,520,0.74
markerikson/react-redux-links,N/A,4,179,19707,0,58,0.61
SwiftGGTeam/the-swift-programming-language-in-chinese,CSS,6,17,19662,1,644,0.98
emscripten-core/emscripten,C++,9,0,19614,0,5306,0.87
byoungd/English-level-up-tips-for-Chinese,N/A,3,38,19604,0,20,0.80
railsware/upterm,TypeScript,5,485,19573,187,293,0.71
influxdata/influxdb,Go,6,0,19569,42,7714,0.90
pugjs/pug,JavaScript,10,70,19550,17,492,0.91
ColorlibHQ/gentelella,HTML,5,43,19534,7,161,0.97
usablica/intro.js,HTML,7,10,19508,18,141,0.63
jgraph/drawio,JavaScript,4,0,19497,448,23,0.69
donnemartin/data-science-ipython-notebooks,Python,5,54,19491,0,31,0.74
BradLarson/GPUImage,Objective-C,8,2,19462,3,241,0.59
ramda/ramda,JavaScript,7,0,19457,24,1194,0.87
CorentinJ/Real-Time-Voice-Cloning,Python,1,1,19456,0,29,0.92
fastai/fastai,Jupyter Notebook,3,0,19455,5,1248,0.97
paularmstrong/normalizr,JavaScript,6,29,19441,24,94,0.93
tornadoweb/tornado,Python,11,3,19424,0,760,0.89
vapor/vapor,Swift,4,5,19403,352,916,0.96
julycoding/The-Art-Of-Programming-By-July,C,6,265,19380,0,253,0.65
react-native-elements/react-native-elements,JavaScript,4,0,19364,63,766,0.98
chubin/cheat.sh,Python,3,0,19330,0,82,0.50
nagadomi/waifu2x,Lua,5,91,19320,3,63,0.60
petkaantonov/bluebird,JavaScript,7,5,19302,123,289,0.95
doczjs/docz,TypeScript,2,8,19277,126,344,0.96
FallibleInc/security-guide-for-developers,N/A,4,153,19255,0,26,0.33
lukasz-madon/awesome-remote-job,N/A,5,1,19210,0,475,0.90
trailofbits/algo,Python,4,12,19203,2,446,0.95
nefe/You-Dont-Need-jQuery,JavaScript,4,202,19201,1,158,0.88
dotnet/aspnetcore,C#,6,0,19198,93,6017,0.86
inconshreveable/ngrok,Go,7,97,19191,0,34,0.61
pcottle/learnGitBranching,JavaScript,8,0,19178,0,354,0.91
tipsy/profile-summary-for-github,Vue,2,148,19143,0,20,0.83
wsargent/docker-cheat-sheet,N/A,6,1,19139,0,128,0.81
futurice/android-best-practices,N/A,6,135,19136,0,80,0.73
ReactiveX/RxAndroid,Java,6,98,19131,18,167,1.00
acmesh-official/acme.sh,Shell,4,0,19090,29,922,0.70
kubernetes/minikube,Go,4,0,19082,100,3632,0.92
ReactiveX/RxSwift,Swift,5,1,19078,64,683,0.99
enzymejs/enzyme,JavaScript,4,0,19072,0,633,0.86
facebook/docusaurus,TypeScript,3,0,19070,84,2014,0.85
jlmakes/scrollreveal,JavaScript,6,64,19050,0,32,0.97
domnikl/DesignPatternsPHP,PHP,9,14,19049,0,224,0.98
SamyPesse/How-to-Make-a-Computer-Operating-System,C,6,195,19017,1,42,0.38
NativeScript/NativeScript,TypeScript,5,1,19007,69,2573,0.87
kataras/iris,Go,4,0,19004,14,157,0.98
cockroachdb/cockroach,Go,6,0,18989,0,24280,0.88
apache/incubator-mxnet,C++,5,0,18987,22,7785,0.83
HeroTransitions/Hero,Swift,3,32,18975,35,94,0.68
mattermost/mattermost-server,Go,5,0,18931,210,9212,0.91
rollup/rollup,JavaScript,5,0,18921,210,1157,0.91
QSCTech/zju-icicles,HTML,4,1,18907,0,95,0.85
tmux/tmux,C,5,0,18885,30,0,1.00
facebook/draft-js,JavaScript,4,0,18881,26,212,0.59
feathericons/feather,JavaScript,6,0,18839,50,91,0.42
postcss/autoprefixer,JavaScript,7,1,18818,156,240,0.97
chenglou/react-motion,JavaScript,5,9,18817,4,144,0.63
encode/django-rest-framework,Python,9,0,18805,13,2505,0.95
MostlyAdequate/mostly-adequate-guide,JavaScript,5,137,18789,0,263,0.80
react-navigation/react-navigation,TypeScript,3,0,18779,540,863,0.97
pjreddie/darknet,C,6,11,18778,0,9,0.23
cfenollosa/os-tutorial,C,5,58,18747,0,11,0.60
OAI/OpenAPI-Specification,JavaScript,6,0,18741,8,599,0.71
odoo/odoo,JavaScript,6,0,18728,0,6077,0.89
tj/commander.js,JavaScript,9,1,18682,47,403,0.98
AobingJava/JavaFamily,N/A,0,16,18682,0,2,0.79
d2l-ai/d2l-zh,Python,3,7,18682,10,478,0.00
geekcomputers/Python,Python,8,1,18665,0,545,0.43
balena-io/etcher,TypeScript,4,2,18655,133,1558,0.83
SeleniumHQ/selenium,Java,7,0,18648,27,578,0.96
hasura/graphql-engine,Haskell,2,0,18642,78,1970,0.66
vlang/v,V,1,0,18613,25,2921,0.76
denysdovhan/wtfjs,JavaScript,3,15,18606,0,57,0.39
JohnCoates/Aerial,Swift,4,3,18599,135,204,0.94
fengdu78/Coursera-ML-AndrewNg-Notes,HTML,2,44,18591,0,9,0.23
ruanyf/es6tutorial,JavaScript,6,0,18567,0,316,1.00
CMU-Perceptual-Computing-Lab/openpose,C++,3,5,18565,14,130,0.97
mongodb/mongo,C++,11,0,18560,0,114,0.00
segmentio/nightmare,JavaScript,6,21,18555,1,251,0.87
ianstormtaylor/slate,TypeScript,4,0,18535,18,1122,0.89
google/gson,Java,5,4,18532,0,203,0.66
google/web-starter-kit,HTML,6,9,18531,14,234,0.92
lenve/vhr,Java,2,12,18529,0,0,0.40
bannedbook/fanqiang,Rich Text Format,5,3,18508,12,1,0.62
spf13/cobra,Go,7,0,18503,8,331,0.71
veggiemonk/awesome-docker,N/A,5,3,18495,1,710,0.99
bilibili/flv.js,JavaScript,4,98,18456,12,16,0.48
Prinzhorn/skrollr,HTML,8,967,18455,0,35,0.69
swagger-api/swagger-ui,JavaScript,9,0,18446,162,1486,0.87
verekia/js-stack-from-scratch,JavaScript,3,49,18419,1,55,0.75
nsqio/nsq,Go,8,1,18406,29,615,0.92
openfaas/faas,Go,3,5,18397,128,619,0.91
android/architecture-components-samples,Kotlin,3,1,18321,0,183,0.83
xi-editor/xi-editor,Rust,4,0,18303,0,641,0.76
react-bootstrap/react-bootstrap,JavaScript,6,0,18277,4,2119,0.97
Wox-launcher/Wox,C#,6,27,18269,38,276,0.85
vuejs/vue-devtools,JavaScript,5,9,18263,35,198,0.73
apache/airflow,Python,5,0,18262,18,5693,0.67
ftlabs/fastclick,HTML,8,162,18261,3,67,0.46
avajs/ava,JavaScript,5,8,18259,75,857,0.95
pmndrs/react-spring,JavaScript,2,1,18206,4,210,0.86
sqlmapproject/sqlmap,Python,8,0,18173,5,117,0.99
poteto/hiring-without-whiteboards,JavaScript,3,7,18151,0,905,0.00
afollestad/material-dialogs,Kotlin,5,14,18129,92,179,0.96
labstack/echo,Go,5,0,18115,79,321,0.98
jorgebucaran/hyperapp,JavaScript,3,0,18108,26,246,0.97
curl/curl,C,10,0,18103,47,117,0.99
ipfs/ipfs,N/A,6,50,18096,0,119,1.00
yunjey/pytorch-tutorial,Python,3,24,18078,0,28,0.69
sampotts/plyr,JavaScript,5,18,18077,69,293,0.68
bcit-ci/CodeIgniter,PHP,9,1,18074,0,1273,0.98
komeiji-satori/Dress,Standard ML,2,0,18072,0,386,0.73
jamiebuilds/the-super-tiny-compiler,JavaScript,4,185,18062,0,20,0.00
go-kit/kit,Go,5,0,18045,10,420,0.87
golang-standards/project-layout,Makefile,3,7,18026,0,22,0.23
helm/helm,Go,4,0,17995,121,2950,0.90
hashicorp/vault,Go,5,0,17979,0,5247,0.84
jaredhanson/passport,JavaScript,8,41,17950,0,44,0.50
dotnet/corefx,N/A,5,0,17904,92,21728,0.00
felixrieseberg/windows95,TypeScript,2,4,17880,11,15,0.58
mbadolato/iTerm2-Color-Schemes,Shell,9,7,17880,0,173,0.79
psf/black,Python,2,0,17864,4,427,0.72
keon/algorithms,Python,3,19,17860,0,368,0.67
Seldaek/monolog,PHP,9,2,17856,40,568,0.96
immerjs/immer,JavaScript,2,4,17850,69,204,0.98
xkcoding/spring-boot-demo,Java,2,6,17820,0,11,0.54
YMFE/yapi,JavaScript,4,13,17816,0,107,0.44
parse-community/parse-server,JavaScript,4,0,17816,77,2468,0.97
Popmotion/popmotion,JavaScript,6,7,17814,0,290,0.97
SnapKit/Masonry,Objective-C,7,21,17808,1,75,0.74
laurent22/joplin,JavaScript,3,0,17804,148,751,0.93
dhg/Skeleton,CSS,9,19,17802,6,25,0.63
davideuler/architecture.of.internet-product,N/A,2,523,17796,0,1,0.30
localForage/localForage,JavaScript,6,3,17775,25,266,0.74
viatsko/awesome-vscode,JavaScript,4,8,17769,0,223,0.62
stedolan/jq,C,8,27,17765,9,205,0.69
matterport/Mask_RCNN,Python,2,6,17759,3,65,0.32
facebook/rocksdb,C++,7,0,17728,125,546,0.81
ruanyf/jstraining,N/A,3,310,17711,0,17,1.00
servo/servo,Rust,8,0,17692,0,13637,0.71
google/python-fire,Python,3,25,17690,7,43,0.65
jcjohnson/neural-style,Lua,5,937,17659,0,16,0.33
square/picasso,Java,7,1,17644,7,473,0.88
lovell/sharp,JavaScript,7,0,17644,29,176,0.96
alibaba/weex,N/A,4,1064,17556,6,1083,0.71
Homebrew/homebrew-cask,Ruby,8,0,17430,81,69535,0.99
yeasy/docker_practice,Go,6,1,17420,13,232,0.98
libgdx/libgdx,Java,8,0,17409,4,2111,0.95
tobiasahlin/SpinKit,CSS,6,47,17403,9,51,0.95
elixir-lang/elixir,Elixir,9,0,17392,103,5117,1.00
typescript-cheatsheets/react,JavaScript,2,0,17392,0,158,0.90
vuejs/vuepress,JavaScript,2,1,17380,11,709,0.81
necolas/react-native-web,JavaScript,5,0,17322,15,22,0.95
TeamStuQ/skill-map,HTML,4,20,17317,2,42,0.17
kilimchoi/engineering-blogs,Ruby,5,7,17309,0,679,0.97
jesseduffield/lazygit,Go,2,1,17308,98,409,0.78
ruby/ruby,Ruby,10,0,17300,0,853,0.00
jhipster/generator-jhipster,JavaScript,6,0,17285,4,5733,0.98
google/googletest,C++,5,0,17279,2,639,0.93
getredash/redash,JavaScript,6,0,17266,95,2506,0.80
geekxh/hello-algorithm,Java,0,3,17256,0,18,1.00
seata/seata,Java,1,0,17239,28,1068,0.77
airyland/vux,Vue,4,44,17226,78,308,0.76
drduh/macOS-Security-and-Privacy-Guide,Python,5,2,17225,0,130,0.98
nikitavoloboev/my-mac-os,N/A,4,17,17215,0,14,0.97
explosion/spaCy,Python,6,0,17210,68,1663,0.96
npm/npm,N/A,10,41,17207,261,439,0.88
reduxjs/reselect,JavaScript,5,43,17191,22,93,0.78
goldfire/howler.js,JavaScript,7,6,17184,21,115,0.82
osquery/osquery,C++,6,0,17174,105,3433,0.83
chrisbanes/PhotoView,Java,8,7,17133,5,52,0.76
BoostIO/Boostnote,JavaScript,4,1,17124,15,1071,0.82
eslint/eslint,JavaScript,7,0,17119,220,4554,0.99
commaai/openpilot,C++,3,0,17116,24,953,0.91
hollischuang/toBeTopJavaer,Java,1,0,17114,0,30,0.65
benweet/stackedit,JavaScript,7,59,17058,13,35,0.63
zhaoolee/ChromeAppHeroes,JavaScript,1,3,17055,0,7,0.75
highlightjs/highlight.js,JavaScript,9,4,17054,8,910,0.97
vuejs/vue-router,JavaScript,6,1,17028,73,530,0.97
ApolloAuto/apollo,C++,3,0,17013,8,8985,0.79
Binaryify/NeteaseCloudMusicApi,JavaScript,4,0,16984,95,90,0.96
rwaldron/idiomatic.js,N/A,9,77,16979,0,108,0.58
rust-unofficial/awesome-rust,Rust,6,1,16971,0,802,0.84
alibaba/easyexcel,Java,2,3,16933,1,47,0.96
prisma/prisma1,Scala,3,1,16927,181,1319,0.85
gfwlist/gfwlist,N/A,5,60,16924,0,0,0.74
kelthuzadx/hosts,Rascal,6,788,16914,2,286,1.00
qiurunze123/miaosha,Java,2,7,16882,0,8,0.60
apache/kafka,Java,9,0,16876,0,3325,0.00
microsoft/CNTK,C++,4,8,16865,32,257,0.77
SnapKit/SnapKit,Swift,6,69,16837,11,111,0.86
facebook/flux,JavaScript,6,7,16836,0,158,0.94
marktext/marktext,JavaScript,2,1,16822,31,768,0.74
nicolargo/glances,Python,8,3,16807,20,370,0.85
fabricjs/fabric.js,JavaScript,10,2,16797,105,1402,0.95
eriklindernoren/ML-From-Scratch,Python,3,1,16778,0,9,0.60
julianshapiro/velocity,TypeScript,6,44,16763,18,54,0.95
nostra13/Android-Universal-Image-Loader,Java,8,163,16744,0,51,0.64
onevcat/Kingfisher,Swift,5,0,16732,136,435,0.95
wuyouzhuguli/SpringAll,Java,2,127,16716,0,1,0.75
git-tips/tips,JavaScript,5,23,16712,0,127,0.59
palantir/blueprint,TypeScript,3,1,16704,110,1731,0.77
defunkt/jquery-pjax,JavaScript,9,272,16686,11,81,0.88
sebastianruder/NLP-progress,Python,2,1,16687,3,359,0.76
graphql/graphql-js,JavaScript,5,0,16683,111,1640,0.88
facebook/hhvm,C++,10,0,16659,15,88,0.90
halo-dev/halo,Java,2,3,16654,56,240,0.90
wekan/wekan,JavaScript,6,0,16633,145,561,0.76
adobe-fonts/source-code-pro,CSS,8,51,16619,11,42,0.75
angular/material,JavaScript,6,2,16616,11,863,0.96
uglide/RedisDesktopManager,C++,7,1,16612,64,279,0.99
swisskyrepo/PayloadsAllTheThings,Python,3,0,16541,1,175,0.83
sebastianbergmann/phpunit,PHP,10,0,16539,0,689,0.96
InterviewMap/CS-Interview-Knowledge-Map,N/A,2,137,16539,0,60,0.73
Micropoor/Micro8,N/A,1,542,16532,0,2,0.71
judasn/IntelliJ-IDEA-Tutorial,N/A,5,7,16521,0,37,0.93
wenyan-lang/wenyan,TypeScript,0,39,16510,13,160,0.65
wangzheng0822/algo,Python,1,7,16509,0,321,0.20
microsoft/playwright,TypeScript,0,0,16497,20,2638,0.86
vercel/pkg,JavaScript,4,11,16457,22,49,0.39
less/less.js,JavaScript,10,50,16420,29,423,0.95
facebook/fresco,Java,5,3,16315,42,81,0.95
google/ExoPlayer,Java,6,0,16315,2,447,0.94
js-cookie/js-cookie,JavaScript,5,9,16306,29,51,0.99
uikit/uikit,CSS,7,13,16259,168,190,0.84
validatorjs/validator.js,JavaScript,9,0,16258,5,453,0.87
notable/notable,TypeScript,1,110,16228,20,25,0.65
quasarframework/quasar,JavaScript,4,1,16209,342,2266,0.96
microsoft/api-guidelines,N/A,4,2,16207,0,70,0.68
jesseduffield/lazydocker,Go,1,59,16190,25,79,0.51
twitter/typeahead.js,JavaScript,7,61,16151,0,106,0.69
JacksonTian/fks,JavaScript,7,448,16138,0,81,0.59
jenkinsci/jenkins,Java,9,0,16131,61,3521,0.00
reactnativecn/react-native-guide,N/A,5,52,16096,0,48,0.90
StevenBlack/hosts,Python,8,0,16090,267,317,0.96
eggjs/egg,JavaScript,4,3,16085,77,937,0.96
winstonjs/winston,JavaScript,9,5,16070,4,361,0.75
mojs/mojs,JavaScript,6,9,16046,14,38,0.75
swoole/swoole-src,C++,8,0,16039,194,926,0.98
datasciencemasters/go,N/A,7,4,16038,0,43,0.49
ElemeFE/mint-ui,Vue,4,10,16037,11,297,0.80
HelloZeroNet/ZeroNet,Python,5,14,16037,22,376,0.69
nosir/cleave.js,JavaScript,4,15,16023,66,132,0.72
portainer/portainer,JavaScript,4,0,15999,74,1217,0.79
sirupsen/logrus,Go,6,1,15989,9,369,0.89
v8/v8,C++,5,24,15977,0,0,0.00
google/flexbox-layout,Kotlin,4,22,15965,24,244,0.74
jtoy/awesome-tensorflow,N/A,4,22,15961,0,107,1.00
alsotang/node-lessons,JavaScript,5,99,15920,0,26,0.35
1c7/chinese-independent-developer,N/A,2,11,15913,0,93,0.96
ChristosChristofidis/awesome-deep-learning,N/A,5,40,15830,0,124,0.93
libuv/libuv,C,6,1,15827,0,455,0.94
mysqljs/mysql,JavaScript,10,8,15824,0,108,0.93
Kotlin/anko,Kotlin,6,287,15806,26,100,0.62
tqdm/tqdm,Python,5,3,15800,89,207,0.68
celery/celery,Python,11,0,15796,10,1321,0.91
FelisCatus/SwitchyOmega,CoffeeScript,8,17,15795,51,7,0.80
GitSquared/edex-ui,JavaScript,3,9,15779,23,348,0.92
MLEveryday/100-Days-Of-ML-Code,Jupyter Notebook,2,212,15757,0,43,0.83
0xd4d/dnSpy,C#,5,1,15756,2,51,0.88
popperjs/popper-core,JavaScript,4,10,15756,123,398,0.98
fastify/fastify,JavaScript,3,0,15746,155,1294,0.95
alibaba/canal,Java,7,0,15719,20,321,0.88
electron-react-boilerplate/electron-react-boilerplate,TypeScript,5,2,15711,42,649,0.97
jdg/MBProgressHUD,Objective-C,11,9,15710,0,96,0.87
framework7io/framework7,JavaScript,6,0,15704,142,377,0.97
android/plaid,Kotlin,4,6,15685,0,368,0.81
vuejs/vue-next,TypeScript,2,0,15683,50,946,0.93
sideway/joi,JavaScript,8,5,15670,0,366,0.98
phoenixframework/phoenix,Elixir,6,0,15651,20,1615,0.99
hubotio/hubot,JavaScript,9,56,15642,9,508,0.90
dwmkerr/hacker-laws,Shell,2,8,15642,0,138,0.34
magenta/magenta,Python,4,1,15628,47,906,0.68
jashkenas/coffeescript,CoffeeScript,10,82,15616,0,851,0.99
alibaba/ice,TypeScript,3,0,15612,17,1842,0.98
shuzheng/zheng,Java,3,7,15600,0,10,0.66
facebook/folly,C++,8,0,15595,4,3,0.71
alibaba/spring-cloud-alibaba,Java,2,0,15591,13,417,0.77
xuxueli/xxl-job,Java,4,4,15574,29,81,0.83
n0shake/Public-APIs,N/A,4,1,15573,0,267,0.89
looly/hutool,Java,6,0,15567,65,99,1.00
handlebars-lang/handlebars.js,JavaScript,10,2,15542,0,301,0.95
fish-shell/fish-shell,Shell,8,0,15542,28,990,0.91
PHPMailer/PHPMailer,PHP,9,10,15534,42,265,0.98
didi/DoraemonKit,Java,2,0,15529,3,203,0.88
basecamp/trix,CoffeeScript,7,1,15478,29,110,0.94
reddit-archive/reddit,Python,12,1065,15472,0,18,0.00
streamich/react-use,TypeScript,1,0,15467,229,982,0.54
viraptor/reverse-interview,N/A,1,4,15462,0,47,0.65
gto76/python-cheatsheet,Python,2,11,15456,0,12,0.80
homebridge/homebridge,TypeScript,5,0,15438,14,273,1.00
jamiebuilds/react-loadable,JavaScript,3,10,15421,0,105,0.00
iissnan/hexo-theme-next,CSS,5,168,15410,18,274,0.97
microsoft/MS-DOS,Assembly,2,342,15407,0,34,0.94
nuysoft/Mock,JavaScript,7,31,15397,14,7,0.35
tsenart/vegeta,Go,7,4,15394,62,129,0.87
rubocop-hq/ruby-style-guide,N/A,9,4,15394,0,337,0.78
bazelbuild/bazel,Java,6,0,15356,91,23,0.76
visionmedia/superagent,JavaScript,9,17,15324,65,403,0.88
Eugeny/terminus,TypeScript,3,1,15323,105,724,0.79
statsd/statsd,JavaScript,9,20,15321,0,299,0.84
Tencent/tinker,Java,4,8,15318,32,65,0.76
ruanyf/react-demos,JavaScript,5,46,15299,0,19,1.00
reduxjs/redux-thunk,JavaScript,5,42,15280,12,48,0.98
Awesome-HarmonyOS/HarmonyOS,C,1,2,15274,0,13,0.00
dotnet-architecture/eShopOnContainers,C#,3,2,15228,7,314,0.96
sindresorhus/quick-look-plugins,N/A,6,231,15221,0,22,0.91
Developer-Y/cs-video-courses,N/A,3,11,15203,0,69,0.86
nostalgic-css/NES.css,CSS,1,13,15194,7,214,0.85
rancher/rancher,Go,5,0,15188,578,4553,0.86
ipader/SwiftGuide,Swift,6,45,15178,0,25,1.00
libra/libra,Rust,1,0,15174,0,954,0.76
google/eng-practices,N/A,1,43,15172,0,8,0.67
enyo/dropzone,JavaScript,8,50,15164,32,68,0.00
crystal-lang/crystal,Crystal,7,0,15154,83,3292,0.82
mxgmn/WaveFunctionCollapse,C#,3,61,15151,0,17,0.92
mozilla/DeepSpeech,C++,4,0,15141,96,1227,0.96
dennybritz/reinforcement-learning,Jupyter Notebook,4,62,15138,0,58,0.40
bower/bower,JavaScript,8,12,15135,36,341,1.00
iview/iview-admin,Vue,3,58,15121,30,90,0.52
dvajs/dva,JavaScript,4,1,15104,35,195,0.99
chalk/chalk,JavaScript,7,8,15090,18,77,0.97
docsifyjs/docsify,JavaScript,3,1,15083,9,362,0.88
jeromeetienne/AR.js,HTML,3,63,15065,0,77,0.99
PKUanonym/REKCARC-TSC-UHT,HTML,1,4,15064,0,55,0.59
google/flatbuffers,C++,6,0,15045,17,927,0.91
dbeaver/dbeaver,Java,4,0,15039,111,815,0.86
zhangdaiscott/jeecg-boot,Java,1,0,15028,9,7,0.98
eligrey/FileSaver.js,JavaScript,9,32,14998,14,65,0.82
chaozh/awesome-blockchain-cn,JavaScript,3,111,14991,0,7,0.72
shieldfy/API-Security-Checklist,N/A,3,17,14981,0,91,0.63
zyedidia/micro,Go,4,0,14967,29,433,0.74
youzan/vant,JavaScript,3,0,14957,32,2559,1.00
HubSpot/pace,CSS,7,12,14943,23,28,0.33
facebook/relay,JavaScript,5,0,14929,57,107,0.86
jasmine/jasmine,JavaScript,11,3,14927,40,279,0.95
sharkdp/fd,Rust,3,7,14926,23,197,0.88
joewalnes/websocketd,Go,7,132,14901,6,83,0.90
datawhalechina/pumpkin-book,N/A,1,15,14892,2,43,0.70
forem/forem,Ruby,3,0,14888,0,6244,0.72
desandro/masonry,HTML,10,247,14885,22,10,0.97
numpy/numpy,Python,10,0,14876,57,6621,0.79
CarGuo/GSYVideoPlayer,Java,3,9,14873,19,13,0.99
material-components/material-components-web,TypeScript,3,0,14873,4,3089,0.88
kriskowal/q,JavaScript,10,121,14863,0,149,0.82
instillai/TensorFlow-Course,Python,1,73,14863,1,7,1.00
zziz/pwc,N/A,2,244,14860,0,10,0.20
wagerfield/parallax,JavaScript,7,66,14858,11,14,0.80
cjbarber/ToolsOfTheTrade,N/A,6,0,14848,0,291,1.00
elastic/kibana,TypeScript,7,0,14840,33,44600,0.75
websockets/ws,JavaScript,8,0,14826,60,447,0.99
leereilly/games,N/A,8,39,14824,0,192,0.37
recharts/recharts,TypeScript,5,6,14822,0,258,0.91
PostgREST/postgrest,Haskell,6,1,14815,27,494,0.89
madrobby/zepto,HTML,10,250,14812,18,218,0.91
Tencent/mars,C++,3,2,14812,6,49,0.72
keystonejs/keystone-classic,JavaScript,7,28,14808,16,1740,0.88
adam-golab/react-developer-roadmap,JavaScript,2,19,14795,0,26,0.46
DrKLO/Telegram,C++,6,3,14787,32,17,0.00
designmodo/Flat-UI,CSS,7,581,14786,1,38,0.96
svg/svgo,JavaScript,8,11,14774,34,200,0.68
zsh-users/zsh-autosuggestions,Shell,6,12,14754,0,100,0.88
ionic-team/ionicons,TypeScript,6,8,14749,30,42,0.54
yabwe/medium-editor,JavaScript,7,43,14747,149,516,0.66
sherlock-project/sherlock,Python,1,0,14742,0,304,0.91
oxford-cs-deepnlp-2017/lectures,N/A,3,1193,14734,0,4,0.39
apollographql/apollo-client,TypeScript,4,0,14711,5,3009,0.82
briannesbitt/Carbon,PHP,8,0,14679,164,928,0.99
jsdom/jsdom,JavaScript,10,0,14677,21,690,0.83
envoyproxy/envoy,C++,4,0,14677,34,7342,0.82
AllThingsSmitty/css-protips,N/A,5,83,14672,0,43,0.89
cocos2d/cocos2d-x,C++,9,0,14653,0,12325,0.73
apache/skywalking,Java,4,0,14646,40,2376,0.98
limetext/lime,N/A,7,262,14640,0,160,0.95
SpaceVim/SpaceVim,Vim script,3,0,14630,16,1792,0.97
nswbmw/N-blog,JavaScript,7,323,14629,0,25,0.96
ccxt/ccxt,JavaScript,3,0,14611,0,2317,0.93
angular-ui/bootstrap,JavaScript,7,585,14602,5,69,0.94
acdlite/recompose,JavaScript,4,9,14597,42,246,0.87
charlax/professional-programming,Python,4,0,14595,0,20,1.00
binux/pyspider,Python,6,45,14575,13,90,0.68
go-delve/delve,Go,6,1,14573,8,797,0.91
spf13/spf13-vim,Vim script,10,5,14562,0,256,0.57
altercation/solarized,Vim script,9,143,14554,0,21,0.39
hackiftekhar/IQKeyboardManager,Objective-C,7,6,14552,75,99,0.97
vadimdemedes/ink,TypeScript,3,1,14546,37,137,0.88
Shopify/draggable,JavaScript,2,5,14542,11,114,0.60
kdeldycke/awesome-falsehood,N/A,4,3,14540,0,33,0.85
airbnb/react-sketchapp,TypeScript,3,68,14521,28,189,0.91
rough-stuff/rough,TypeScript,3,82,14506,15,48,0.84
pubkey/rxdb,TypeScript,3,0,14499,54,1838,0.99
android10/Android-CleanArchitecture,Java,6,160,14488,0,13,0.50
infernojs/inferno,JavaScript,5,27,14484,159,531,0.95
huihut/interview,C++,2,14,14483,0,26,0.94
hzlzh/Best-App,N/A,7,125,14480,0,49,0.53
urfave/cli,Go,7,9,14478,21,471,0.91
Kong/insomnia,JavaScript,4,0,14459,130,625,0.75
Awesome-Windows/Awesome,N/A,4,2,14448,0,204,0.91
trekhleb/homemade-machine-learning,Jupyter Notebook,1,71,14443,0,2,0.39
yudai/gotty,Go,5,16,14424,16,33,0.62
twbs/ratchet,CSS,8,84,14416,4,231,0.62
dotnet/core,Shell,5,0,14389,110,1092,0.93
ipython/ipython,Python,10,2,14384,28,5076,0.79
helm/charts,Go,4,0,14367,0,12886,0.98
hwdsl2/setup-ipsec-vpn,Shell,4,3,14306,0,12,1.00
redisson/redisson,Java,6,0,14305,85,236,0.94
react-dnd/react-dnd,TypeScript,5,3,14300,124,1246,0.88
react-hook-form/react-hook-form,TypeScript,1,0,14294,284,818,1.00
riot/riot,JavaScript,6,16,14292,67,439,1.00
braydie/HowToBeAProgrammer,N/A,4,694,14290,0,84,0.81
2dust/v2rayN,C#,1,12,14289,49,33,0.71
WordPress/WordPress,PHP,8,0,14284,0,0,0.00
mybatis/mybatis-3,Java,7,1,14263,32,667,0.88
tj/git-extras,Shell,10,6,14253,15,438,0.72
dianping/cat,Java,7,28,14251,0,864,0.93
electronicarts/CnC_Remastered_Collection,C++,0,0,14240,0,0,0.20
GeekyAnts/NativeBase,JavaScript,4,0,14240,85,479,0.93
luong-komorebi/Awesome-Linux-Software,Python,4,0,14239,0,376,0.89
vim-airline/vim-airline,Vim script,7,1,14217,11,549,0.98
micro/go-micro,Go,5,0,14215,85,1122,0.96
handsontable/handsontable,JavaScript,9,0,14209,175,602,0.89
linlinjava/litemall,Java,2,23,14207,7,73,0.90
getlantern/download,N/A,2,33,14190,0,3,0.00
rancher/k3s,Go,2,0,14175,131,657,0.57
toml-lang/toml,Python,7,18,14171,7,291,0.93
facebook/prepack,JavaScript,4,12,14155,43,500,0.75
forezp/SpringCloudLearning,Java,3,99,14154,0,0,0.24
apache/flink,Java,6,0,14151,0,2968,0.00
alibaba/nacos,Java,2,0,14139,29,766,0.88
academic/awesome-datascience,N/A,6,1,14125,0,158,0.94
pytorch/examples,Python,4,15,14119,0,251,0.52
aFarkas/lazysizes,JavaScript,5,21,14110,93,60,0.81
menzi11/BullshitGenerator,JavaScript,0,53,14108,0,7,0.20
deezer/spleeter,Python,0,13,14109,1,31,0.79
marmelab/react-admin,TypeScript,4,0,14108,151,2148,0.96
preservim/nerdtree,Vim script,12,30,14104,0,272,0.99
huge-success/sanic,Python,4,4,14092,30,821,0.94
janl/mustache.js,JavaScript,10,32,14090,15,155,0.87
philc/vimium,JavaScript,11,17,14076,0,573,0.73
realm/realm-cocoa,Objective-C,8,0,14072,162,2137,0.91
css-modules/css-modules,N/A,5,44,14066,0,22,0.71
norvig/pytudes,Jupyter Notebook,3,4,13989,0,44,0.65
bitcoinbook/bitcoinbook,Python,7,11,13978,3,265,0.83
bokeh/bokeh,Python,8,0,13974,0,3779,0.91
dgraph-io/dgraph,Go,5,0,13962,78,2825,1.00
typicode/lowdb,JavaScript,6,13,13953,21,60,0.70
nfl/react-helmet,JavaScript,5,6,13938,3,166,0.62
fbsamples/f8app,JavaScript,4,55,13906,0,43,0.92
Carthage/Carthage,Swift,5,0,13899,72,934,0.92
tensorflow/tfjs,TypeScript,2,0,13899,31,1290,0.83
michalsnik/aos,JavaScript,5,13,13896,0,38,0.65
jumpserver/jumpserver,JavaScript,6,0,13894,43,1618,0.95
wangshub/wechat_jump_game,Python,2,232,13894,2,146,0.97
processing/p5.js,JavaScript,7,2,13893,73,1647,0.96
fivethirtyeight/data,Jupyter Notebook,6,8,13890,0,42,0.70
ehang-io/nps,Go,1,26,13885,57,62,0.89
oblador/react-native-vector-icons,JavaScript,5,0,13880,58,144,0.72
DIYgod/RSSHub,JavaScript,2,0,13862,235,3002,0.91
realm/SwiftLint,Swift,5,0,13853,78,1251,0.77
yaronn/blessed-contrib,JavaScript,5,18,13847,0,64,0.50
haoel/leetcode,C++,5,53,13831,0,76,0.67
angular-ui/ui-router,TypeScript,7,31,13816,57,308,1.00
facert/awesome-spider,N/A,3,42,13809,0,37,0.48
PerfectlySoft/Perfect,Swift,4,57,13803,1,74,0.74
ShareX/ShareX,C#,6,0,13798,66,598,0.91
openssl/openssl,C,7,0,13795,0,83,0.75
locustio/locust,Python,9,0,13794,33,357,0.96
ampproject/amphtml,JavaScript,5,0,13787,549,15289,0.84
jitsi/jitsi-meet,JavaScript,6,0,13784,21,3156,0.89
apache/incubator-weex,C++,3,0,13773,5,1702,0.78
cool-RR/PySnooper,Python,1,3,13765,0,61,0.85
winterbe/java8-tutorial,Java,6,15,13760,0,10,0.00
hemanth/functional-programming-jargon,N/A,5,167,13756,0,111,0.67
LingCoder/OnJava8,N/A,1,0,13752,0,403,0.84
nginx-proxy/nginx-proxy,Python,6,0,13734,0,176,0.51
brettwooldridge/HikariCP,Java,6,3,13734,0,183,0.82
MengTo/Spring,Swift,5,131,13732,0,60,0.41
alibaba/Sentinel,Java,2,0,13728,16,339,0.83
spotify/luigi,Python,7,3,13718,49,1709,0.95
